Value,Count,Percent
Loyal Customer,13535,81.41353383458647
disloyal Customer,3090,18.586466165413533
