Value,Count,Percent
4,4081,24.54736842105263
5,3654,21.978947368421053
3,2869,17.257142857142856
2,2717,16.34285714285714
1,2496,15.013533834586465
0,808,4.86015037593985
