Value,Count,Percent
3,3895,23.42857142857143
2,3761,22.622556390977444
4,3145,18.917293233082706
1,2814,16.926315789473684
5,2317,13.936842105263159
0,693,4.168421052631579
