Value,Count,Percent
4,3913,23.53684210526316
3,3589,21.587969924812032
5,3580,21.533834586466167
2,3415,20.541353383458645
1,2112,12.703759398496238
0,16,0.09624060150375939
