Value,Count,Percent
4,4712,28.34285714285714
5,4043,24.318796992481204
3,3079,18.5203007518797
2,2744,16.50526315789474
1,2045,12.300751879699249
0,2,0.012030075187969924
