Value,Count,Percent
4,6227,37.45563909774436
5,4300,25.86466165413534
3,3182,19.13984962406015
2,1783,10.724812030075189
1,1132,6.809022556390977
0,1,0.006015037593984962
