Value,Count,Percent
4,4722,28.40300751879699
5,3942,23.71127819548872
3,3128,18.81503759398496
2,3007,18.08721804511278
1,1750,10.526315789473683
0,76,0.4571428571428572
