Value,Count,Percent
4,4966,29.870676691729326
5,3882,23.350375939849624
3,3566,21.449624060150377
2,2331,14.021052631578948
1,1879,11.302255639097744
0,1,0.006015037593984962
