Value,Count,Percent
4,5939,35.72330827067669
5,4384,26.369924812030078
3,3371,20.27669172932331
2,1788,10.754887218045113
1,1143,6.875187969924812
0,0,0.0
