Value,Count,Percent
3,4591,27.615037593984965
4,4565,27.458646616541355
5,3313,19.92781954887218
2,2092,12.583458646616542
1,2064,12.415037593984962
0,0,0.0
