Value,Count,Percent
Business,7974,47.96390977443609
Eco,7404,44.53533834586466
Eco Plus,1247,7.500751879699248
