Value,Count,Percent
4,4303,25.88270676691729
3,3953,23.777443609022555
5,3680,22.13533834586466
2,2535,15.24812030075188
1,2153,12.950375939849623
0,1,0.006015037593984962
