Value,Count,Percent
3,4586,27.58496240601504
4,3878,23.326315789473682
2,3055,18.37593984962406
1,2829,17.016541353383456
5,2277,13.696240601503758
0,0,0.0
