Value,Count,Percent
Female,8327,50.08721804511278
Male,8298,49.91278195488722
