Value,Count,Percent
3,4106,24.697744360902256
2,4040,24.30075187969925
4,3189,19.181954887218044
1,2926,17.599999999999998
5,1914,11.512781954887217
0,450,2.706766917293233
