Value,Count,Percent
4,4878,29.341353383458646
3,3523,21.19097744360902
5,3334,20.054135338345866
2,2785,16.75187969924812
1,1721,10.351879699248121
0,384,2.3097744360902257
