Value,Count,Percent
neutral or dissatisfied,9421,56.667669172932335
satisfied,7204,43.332330827067665
