Value,Count,Percent
4,4988,30.00300751879699
5,4270,25.684210526315788
3,3055,18.37593984962406
2,2327,13.996992481203009
1,1985,11.93984962406015
0,0,0.0
