Value,Count,Percent
Business travel,11525,69.32330827067669
Personal Travel,5100,30.67669172932331
